<tileset>
	<background id="tiny-shadow" size="1">11</background>
	<background id="big-shadow" size="1">16</background>

	<box in="tiny-shadow" width="1,1,1" height="1,1,1">
		00,01,02,
		10,11,12,
		20,21,22
	</box>
	<box out="tiny-shadow" width="1,0,1" height="1,0,1">
		14,13,
                04,03
	</box>

	<box in="big-shadow" width="1,1,1" height="1,1,1">
		05,06,07,
		15,16,17,
		25,26,27
	</box>
	<box out="big-shadow" width="1,0,1" height="1,0,1">
		19,18,
                09,08
	</box>

</tileset>
